Distance_um,FeO_wt,MgO_wt,FeO_err,MgO_err
0.0,13.428,30.249,0.12,0.15
0.5999999999999996,13.493,30.201,0.12,0.15
1.1999999999999993,13.498,30.197,0.12,0.15
1.8000000000000007,13.143,30.459,0.12,0.15
2.4000000000000004,13.634,30.097,0.12,0.15
3.0,13.387,30.279,0.12,0.15
3.5999999999999996,13.327,30.323,0.12,0.15
4.2,13.464,30.222,0.12,0.15
4.8,13.387,30.279,0.12,0.15
5.3999999999999995,13.455,30.229,0.12,0.15
6.0,13.4,30.27,0.12,0.15
6.6,13.532,30.172,0.12,0.15
7.199999999999999,13.601,30.122,0.12,0.15
7.8,13.059,30.521,0.12,0.15
8.4,13.456,30.229,0.12,0.15
9.0,13.408,30.264,0.12,0.15
9.6,13.242,30.386,0.12,0.15
10.2,13.078,30.507,0.12,0.15
10.799999999999999,12.568,30.883,0.12,0.15
11.4,11.908,31.369,0.12,0.15
12.0,10.446,32.447,0.12,0.15
12.6,9.368,33.242,0.12,0.15
13.2,8.571,33.83,0.12,0.15
13.799999999999999,7.997,34.253,0.12,0.15
14.399999999999999,7.567,34.57,0.12,0.15
15.0,7.956,34.283,0.12,0.15
15.6,7.506,34.615,0.12,0.15
16.2,7.389,34.701,0.12,0.15
16.8,7.381,34.707,0.12,0.15
17.4,7.754,34.432,0.12,0.15
18.0,7.42,34.678,0.12,0.15
18.599999999999998,7.769,34.421,0.12,0.15
19.2,7.567,34.57,0.12,0.15
19.8,7.552,34.581,0.12,0.15
20.4,7.65,34.509,0.12,0.15
21.0,7.549,34.583,0.12,0.15
21.599999999999998,7.69,34.479,0.12,0.15
22.2,7.711,34.464,0.12,0.15
22.8,7.819,34.384,0.12,0.15
23.4,7.676,34.489,0.12,0.15
24.0,7.763,34.425,0.12,0.15
