Distance_um,GreyValue,Grey_sd
0.0,208.36,0.8
0.1,207.03,0.8
0.2,208.7,0.8
0.3,208.66,0.8
0.4,207.27,0.8
0.5,208.25,0.8
0.6,207.56,0.8
0.7,209.19,0.8
0.8,208.99,0.8
0.9,207.05,0.8
1.0,207.72,0.8
1.1,208.47,0.8
1.2,207.48,0.8
1.3,208.6,0.8
1.4,209.35,0.8
1.5,207.92,0.8
1.6,206.19,0.8
1.7,207.81,0.8
1.8,209.54,0.8
1.9,208.14,0.8
2.0,207.03,0.8
2.1,207.99,0.8
2.2,206.74,0.8
2.3,207.52,0.8
2.4,208.21,0.8
2.5,208.31,0.8
2.6,206.82,0.8
2.7,207.84,0.8
2.8,207.0,0.8
2.9,206.71,0.8
3.0,208.67,0.8
3.1,207.16,0.8
3.2,206.98,0.8
3.3,206.84,0.8
3.4,206.13,0.8
3.5,209.19,0.8
3.6,209.54,0.8
3.7,208.19,0.8
3.8,208.01,0.8
3.9,208.27,0.8
4.0,208.1,0.8
4.1,208.91,0.8
4.2,207.73,0.8
4.3,206.6,0.8
4.4,206.54,0.8
4.5,205.95,0.8
4.6,207.86,0.8
4.7,207.02,0.8
4.8,207.7,0.8
4.9,206.66,0.8
5.0,207.37,0.8
5.1,208.92,0.8
5.2,207.9,0.8
5.3,207.58,0.8
5.4,208.57,0.8
5.5,206.5,0.8
5.6,208.71,0.8
5.7,207.38,0.8
5.8,207.19,0.8
5.9,207.28,0.8
6.0,208.29,0.8
6.1,207.82,0.8
6.2,207.8,0.8
6.3,207.71,0.8
6.4,207.51,0.8
6.5,207.29,0.8
6.6,206.8,0.8
6.7,206.95,0.8
6.8,207.73,0.8
6.9,207.51,0.8
7.0,208.44,0.8
7.1,207.53,0.8
7.2,207.65,0.8
7.3,208.41,0.8
7.4,207.63,0.8
7.5,209.04,0.8
7.6,208.51,0.8
7.7,207.4,0.8
7.8,207.39,0.8
7.9,207.64,0.8
8.0,207.35,0.8
8.1,206.46,0.8
8.2,208.66,0.8
8.3,207.09,0.8
8.4,207.65,0.8
8.5,205.99,0.8
8.6,207.92,0.8
8.7,207.35,0.8
8.8,207.81,0.8
8.9,206.94,0.8
9.0,206.68,0.8
9.1,206.98,0.8
9.2,208.19,0.8
9.3,207.2,0.8
9.4,208.54,0.8
9.5,207.97,0.8
9.6,207.92,0.8
9.7,207.73,0.8
9.8,208.62,0.8
9.9,206.32,0.8
10.0,206.97,0.8
10.1,207.02,0.8
10.2,208.35,0.8
10.3,206.44,0.8
10.4,207.51,0.8
10.5,208.04,0.8
10.6,208.04,0.8
10.7,206.76,0.8
10.8,207.88,0.8
10.9,208.19,0.8
11.0,206.7,0.8
11.1,208.34,0.8
11.2,207.48,0.8
11.3,206.79,0.8
11.4,206.7,0.8
11.5,206.13,0.8
11.6,205.73,0.8
11.7,206.12,0.8
11.8,205.93,0.8
11.9,205.1,0.8
12.0,206.49,0.8
12.1,205.18,0.8
12.2,205.49,0.8
12.3,205.42,0.8
12.4,203.36,0.8
12.5,204.39,0.8
12.6,203.73,0.8
12.7,201.93,0.8
12.8,203.56,0.8
12.9,202.33,0.8
13.0,201.48,0.8
13.1,202.17,0.8
13.2,199.87,0.8
13.3,200.08,0.8
13.4,198.74,0.8
13.5,199.24,0.8
13.6,197.39,0.8
13.7,197.32,0.8
13.8,197.03,0.8
13.9,194.44,0.8
14.0,194.19,0.8
14.1,193.75,0.8
14.2,193.61,0.8
14.3,191.8,0.8
14.4,190.97,0.8
14.5,191.35,0.8
14.6,192.05,0.8
14.7,188.8,0.8
14.8,186.53,0.8
14.9,186.59,0.8
15.0,187.69,0.8
15.1,184.7,0.8
15.2,184.2,0.8
15.3,183.02,0.8
15.4,183.16,0.8
15.5,181.34,0.8
15.6,180.03,0.8
15.7,179.41,0.8
15.8,179.06,0.8
15.9,177.43,0.8
16.0,177.63,0.8
16.1,176.79,0.8
16.2,175.95,0.8
16.3,174.9,0.8
16.4,173.93,0.8
16.5,173.86,0.8
16.6,172.19,0.8
16.7,172.77,0.8
16.8,170.92,0.8
16.9,172.13,0.8
17.0,171.83,0.8
17.1,170.71,0.8
17.2,169.54,0.8
17.3,169.21,0.8
17.4,168.84,0.8
17.5,169.15,0.8
17.6,168.49,0.8
17.7,168.09,0.8
17.8,167.46,0.8
17.9,166.61,0.8
18.0,167.06,0.8
18.1,167.92,0.8
18.2,165.28,0.8
18.3,166.24,0.8
18.4,164.17,0.8
18.5,166.13,0.8
18.6,165.36,0.8
18.7,165.16,0.8
18.8,166.68,0.8
18.9,165.63,0.8
19.0,164.75,0.8
19.1,165.71,0.8
19.2,164.52,0.8
19.3,165.37,0.8
19.4,166.21,0.8
19.5,166.01,0.8
19.6,164.43,0.8
19.7,163.87,0.8
19.8,164.16,0.8
19.9,165.44,0.8
20.0,163.6,0.8
20.1,165.06,0.8
20.2,164.68,0.8
20.3,163.23,0.8
20.4,164.57,0.8
20.5,164.19,0.8
20.6,165.33,0.8
20.7,164.9,0.8
20.8,164.23,0.8
20.9,165.06,0.8
21.0,165.16,0.8
21.1,166.21,0.8
21.2,163.69,0.8
21.3,163.63,0.8
21.4,163.95,0.8
21.5,163.88,0.8
21.6,164.8,0.8
21.7,165.03,0.8
21.8,164.73,0.8
21.9,163.46,0.8
22.0,164.1,0.8
22.1,164.71,0.8
22.2,164.63,0.8
22.3,164.33,0.8
22.4,164.94,0.8
22.5,164.69,0.8
22.6,164.25,0.8
22.7,164.52,0.8
22.8,164.11,0.8
22.9,164.54,0.8
23.0,164.66,0.8
23.1,163.39,0.8
23.2,164.17,0.8
23.3,164.27,0.8
23.4,164.02,0.8
23.5,164.33,0.8
23.6,164.98,0.8
23.7,165.1,0.8
23.8,163.8,0.8
23.9,164.16,0.8
24.0,164.06,0.8
24.1,164.41,0.8
24.2,166.56,0.8
24.3,164.14,0.8
24.4,163.08,0.8
24.5,164.56,0.8
24.6,164.74,0.8
24.7,164.17,0.8
24.8,164.43,0.8
24.9,165.08,0.8
25.0,165.09,0.8
25.1,162.52,0.8
25.2,163.38,0.8
25.3,163.15,0.8
25.4,163.47,0.8
25.5,164.84,0.8
25.6,164.2,0.8
25.7,163.53,0.8
25.8,165.26,0.8
25.9,164.49,0.8
26.0,163.37,0.8
26.1,164.94,0.8
26.2,165.35,0.8
26.3,164.4,0.8
26.4,164.39,0.8
26.5,164.34,0.8
26.6,163.8,0.8
26.7,163.47,0.8
26.8,163.53,0.8
26.9,163.54,0.8
27.0,163.18,0.8
27.1,164.69,0.8
27.2,164.02,0.8
27.3,163.32,0.8
27.4,165.01,0.8
27.5,164.52,0.8
27.6,165.12,0.8
27.7,163.65,0.8
27.8,164.75,0.8
27.9,165.65,0.8
28.0,163.96,0.8
28.1,163.82,0.8
28.2,164.48,0.8
28.3,164.14,0.8
28.4,165.1,0.8
28.5,164.04,0.8
28.6,164.41,0.8
28.7,165.11,0.8
28.8,164.81,0.8
28.9,163.85,0.8
29.0,164.1,0.8
29.1,165.89,0.8
29.2,164.98,0.8
29.3,163.66,0.8
29.4,164.57,0.8
29.5,163.31,0.8
29.6,164.25,0.8
29.7,164.85,0.8
29.8,163.65,0.8
29.9,165.76,0.8
30.0,164.32,0.8
