Distance_um,TiO2_wt,TiO2_err
0.0,6.509,0.08
2.5,6.484,0.08
5.0,6.4,0.08
7.5,6.418,0.08
10.0,6.373,0.08
12.5,6.365,0.08
15.0,6.334,0.08
17.5,6.26,0.08
20.0,6.301,0.08
22.5,6.306,0.08
25.0,6.215,0.08
27.5,6.126,0.08
30.0,6.007,0.08
32.5,5.899,0.08
35.0,5.922,0.08
37.5,5.836,0.08
40.0,5.736,0.08
42.5,5.583,0.08
45.0,5.517,0.08
47.5,5.456,0.08
50.0,5.335,0.08
52.5,5.251,0.08
55.0,5.221,0.08
57.5,5.08,0.08
60.0,4.932,0.08
62.5,4.903,0.08
65.0,4.718,0.08
67.5,4.81,0.08
70.0,4.687,0.08
72.5,4.647,0.08
75.0,4.461,0.08
77.5,4.484,0.08
80.0,4.5,0.08
82.5,4.276,0.08
85.0,4.342,0.08
87.5,4.246,0.08
90.0,4.31,0.08
92.5,4.316,0.08
95.0,4.205,0.08
97.5,4.31,0.08
100.0,4.316,0.08
