Distance_um,Fo_mol,Fo_err
0.0,80.4,0.25
5.0,80.608,0.25
10.0,80.326,0.25
15.0,80.05,0.25
20.0,79.855,0.25
25.0,80.119,0.25
30.0,80.434,0.25
35.0,80.084,0.25
40.0,80.38,0.25
45.0,80.327,0.25
50.0,80.646,0.25
55.0,80.641,0.25
60.0,80.191,0.25
65.0,80.5,0.25
70.0,80.708,0.25
75.0,81.146,0.25
80.0,81.082,0.25
85.0,80.839,0.25
90.0,81.71,0.25
95.0,81.589,0.25
100.0,81.228,0.25
105.0,82.131,0.25
110.0,82.04,0.25
115.0,82.114,0.25
120.0,82.213,0.25
125.0,82.754,0.25
130.0,82.995,0.25
135.0,83.421,0.25
140.0,83.33,0.25
145.0,83.541,0.25
150.0,84.078,0.25
155.0,83.569,0.25
160.0,84.535,0.25
165.0,84.476,0.25
170.0,85.071,0.25
175.0,85.46,0.25
180.0,85.184,0.25
185.0,85.663,0.25
190.0,85.382,0.25
195.0,86.192,0.25
200.0,86.359,0.25
205.0,86.723,0.25
210.0,86.582,0.25
215.0,86.692,0.25
220.0,87.129,0.25
225.0,87.294,0.25
230.0,87.16,0.25
235.0,87.052,0.25
240.0,87.627,0.25
245.0,87.636,0.25
250.0,87.772,0.25
255.0,87.971,0.25
260.0,87.968,0.25
265.0,87.692,0.25
270.0,87.672,0.25
275.0,87.858,0.25
280.0,88.054,0.25
285.0,88.029,0.25
290.0,87.902,0.25
295.0,87.694,0.25
300.0,88.301,0.25
