Distance_from_rim_um,FeO_wt,MgO_wt,FeO_err,MgO_err,CaO_wt,Al2O3_wt,SiO2_wt,MnO_wt,Total_wt,En_percent,Mg_number
2.28,17.226,21.587,0.39249,0.28821,1.4351,2.4847,54.664,0.7678,98.99,66.87,0.68126
4.22,17.27,25.023,0.39249,0.28821,1.4967,0.6736,53.615,0.5628,98.907,69.922,0.71431
6.24,17.291,25.253,0.39249,0.28821,1.4774,0.6539,54.028,0.7205,99.724,70.118,0.71412
8.27,16.296,25.863,0.39249,0.28821,1.7784,0.7412,54.012,0.5758,99.574,71.281,0.73199
10.31,15.981,26.221,0.39249,0.28821,1.7393,0.686,53.612,0.6028,98.956,71.964,0.73803
12.35,19.006,24.36,0.39249,0.28821,1.3336,0.4711,53.484,0.9992,99.814,67.703,0.68446
14.4,21.444,22.722,0.39249,0.28821,0.7456,0.2169,52.524,1.0649,98.889,64.39,0.64264
16.45,21.956,22.287,0.39249,0.28821,0.7441,0.2662,52.902,1.2555,99.569,63.425,0.63104
18.5,22.301,22.074,0.39249,0.28821,0.7258,0.3157,53.042,1.1429,99.708,62.878,0.6265
20.55,22.303,21.819,0.39249,0.28821,0.7185,0.4925,52.589,1.2164,99.21,62.612,0.623
22.6,22.462,21.711,0.39249,0.28821,0.7772,0.5772,52.211,1.3984,99.248,62.261,0.61843
24.65,22.755,21.713,0.39249,0.28821,0.7771,0.6665,52.139,1.1507,99.3,61.972,0.61804
26.7,22.354,21.766,0.39249,0.28821,0.757,0.5524,52.183,1.2635,99.058,62.455,0.62146
28.75,22.553,21.814,0.39249,0.28821,0.7502,0.5176,52.399,1.3478,99.502,62.317,0.61916
30.8,22.515,21.87,0.39249,0.28821,0.8096,0.452,52.022,1.2601,99.11,62.339,0.62101
32.85,22.472,21.914,0.39249,0.28821,0.8081,0.437,52.166,1.3044,99.346,62.43,0.62147
34.9,22.496,21.905,0.39249,0.28821,0.7113,0.402,52.753,1.3518,99.811,62.52,0.62065
36.96,22.487,21.992,0.39249,0.28821,0.7469,0.2715,52.605,1.2752,99.433,62.577,0.62245
39.01,22.364,22.035,0.39249,0.28821,0.73,0.3558,52.499,1.2423,99.353,62.767,0.62445
41.06,22.634,21.877,0.39249,0.28821,0.7124,0.501,52.553,1.2801,99.687,62.352,0.61971
43.11,22.68,21.756,0.39249,0.28821,0.752,0.6601,52.309,1.251,99.52,62.125,0.61824
45.16,22.594,21.77,0.39249,0.28821,0.7198,0.5847,51.829,1.2543,98.954,62.267,0.61921
47.21,22.516,21.807,0.39249,0.28821,0.6734,0.5523,52.542,1.2928,99.571,62.444,0.61999
49.27,22.569,21.678,0.39249,0.28821,0.7258,0.5502,52.509,1.2803,99.471,62.185,0.6182
51.32,22.437,21.619,0.39249,0.28821,0.7364,0.5633,52.546,1.3486,99.419,62.239,0.61817
53.37,22.541,21.727,0.39249,0.28821,0.7525,0.5418,52.972,1.2282,99.888,62.232,0.61954
55.42,22.528,21.722,0.39249,0.28821,0.7537,0.4897,52.255,1.2012,99.15,62.237,0.61987
57.47,22.405,21.809,0.39249,0.28821,0.7946,0.4792,52.698,1.3604,99.694,62.402,0.62044
59.53,22.369,21.732,0.39249,0.28821,0.7997,0.4361,52.72,1.2104,99.345,62.349,0.62148
61.58,22.567,21.733,0.39249,0.28821,0.7316,0.4911,52.398,1.2365,99.251,62.239,0.61925
63.63,22.583,21.749,0.39249,0.28821,0.7725,0.5673,52.326,1.2776,99.459,62.188,0.61886
65.68,22.652,21.678,0.39249,0.28821,0.7708,0.5716,52.655,1.2715,99.742,62.044,0.61746
67.74,22.583,21.713,0.39249,0.28821,0.7762,0.65,52.138,1.3361,99.31,62.144,0.61788
69.79,22.538,21.711,0.39249,0.28821,0.7811,0.5836,52.253,1.2248,99.301,62.18,0.61942
71.84,22.37,21.703,0.39249,0.28821,0.8097,0.4712,52.291,1.2633,99.058,62.303,0.62061
73.89,22.426,21.75,0.39249,0.28821,0.7432,0.4615,52.099,1.298,98.859,62.384,0.62022
75.94,22.525,21.875,0.39249,0.28821,0.7654,0.4083,52.783,1.204,99.754,62.39,0.62152
78,22.385,21.931,0.39249,0.28821,0.8208,0.3869,52.673,1.3398,99.73,62.519,0.62215
80.05,22.121,21.89,0.39249,0.28821,0.8017,0.2581,51.923,1.3278,98.468,62.766,0.62447
82.1,22.488,21.852,0.39249,0.28821,0.8166,0.3487,52.75,1.3217,99.703,62.337,0.62047
84.15,22.454,21.743,0.39249,0.28821,0.7506,0.6112,52.562,1.2159,99.486,62.339,0.6207
86.2,22.368,21.607,0.39249,0.28821,0.8502,0.6242,52.382,1.3215,99.382,62.149,0.619
88.26,22.545,21.648,0.39249,0.28821,0.8331,0.6161,52.415,1.1743,99.351,62.039,0.61918
90.31,22.578,21.727,0.39249,0.28821,0.8326,0.5919,52.118,1.2679,99.249,62.092,0.61876
92.36,22.544,21.692,0.39249,0.28821,0.7779,0.6677,52.137,1.1184,99.087,62.158,0.62022
94.41,21.998,21.119,0.39249,0.28821,2.7261,0.5712,50.248,1.1785,99.817,59.626,0.61879
96.47,22.287,21.719,0.39249,0.28821,0.9632,0.4066,52.104,1.2658,99.076,62.207,0.62159
98.52,22.34,21.817,0.39249,0.28821,0.781,0.451,52.562,1.242,99.347,62.494,0.62236
100.57,22.159,21.814,0.39249,0.28821,0.8231,0.5204,52.43,1.3162,99.222,62.618,0.62338
102.62,22.438,21.852,0.39249,0.28821,0.8332,0.5106,52.618,1.3073,99.734,62.366,0.62111
104.68,22.291,21.772,0.39249,0.28821,0.8047,0.4805,52.734,1.3277,99.583,62.464,0.6215
106.73,22.331,21.777,0.39249,0.28821,0.7884,0.5565,52.536,1.11,99.254,62.449,0.62335
108.78,22.155,21.858,0.39249,0.28821,0.8146,0.3782,52.712,1.2105,99.404,62.68,0.62497
110.83,22.327,21.895,0.39249,0.28821,0.7931,0.4065,52.695,1.2453,99.464,62.574,0.62329
112.9,22.327,21.842,0.39249,0.28821,0.8119,0.5115,53.207,1.3692,100.2,62.493,0.62148
114.95,22.37,21.875,0.39249,0.28821,0.8105,0.5528,53.153,1.2779,100.23,62.487,0.62232
117,22.18,21.813,0.39249,0.28821,0.7884,0.5554,52.155,1.2278,98.933,62.64,0.62405
119.05,22.379,21.806,0.39249,0.28821,0.8263,0.5057,52.435,1.1985,99.369,62.385,0.6223
121.11,22.038,21.489,0.39249,0.28821,2.1727,0.5267,52.051,1.1942,100.76,60.679,0.62231
123.16,22.212,21.821,0.39249,0.28821,1.3753,0.4455,52.578,1.1989,100.16,61.868,0.62412
125.21,22.025,21.98,0.39249,0.28821,0.8137,0.3317,53.356,1.2557,99.942,62.943,0.62712
127.26,21.992,22.027,0.39249,0.28821,0.7677,0.2757,53.462,1.3437,99.95,63.086,0.62706
129.31,22.118,22.062,0.39249,0.28821,0.7951,0.3814,53.285,1.3168,100.12,62.96,0.62644
131.37,22.003,22.033,0.39249,0.28821,0.7707,0.4125,53.344,1.2696,100,63.077,0.62776
133.42,22.162,21.969,0.39249,0.28821,0.7663,0.4798,53.816,1.155,100.51,62.853,0.62664
135.47,22.179,21.883,0.39249,0.28821,0.749,0.5527,53.338,1.1729,99.979,62.767,0.62538
137.52,22.387,21.877,0.39249,0.28821,0.7284,0.5766,52.755,1.2539,99.746,62.578,0.62241
139.58,22.336,21.92,0.39249,0.28821,0.7222,0.6749,53.138,1.2456,100.25,62.683,0.62347
141.63,22.333,21.887,0.39249,0.28821,0.7096,0.5694,53.032,1.2338,99.963,62.667,0.62326
143.68,22.165,21.893,0.39249,0.28821,0.7187,0.6184,53.439,1.2757,100.32,62.832,0.62458
145.73,22.509,21.996,0.39249,0.28821,0.715,0.4858,52.782,1.1008,99.713,62.6,0.62402
147.78,22.127,22.05,0.39249,0.28821,0.714,0.467,53.439,1.2639,100.12,63.043,0.62676
149.84,22.137,21.995,0.39249,0.28821,0.6613,0.4819,53.388,1.1522,99.949,63.042,0.6272
151.89,22.166,22.114,0.39249,0.28821,0.7454,0.3039,53.373,1.2461,100.12,63.03,0.62722
153.94,22.171,21.989,0.39249,0.28821,0.7617,0.3032,54.154,1.111,100.61,62.873,0.62722
155.99,22.042,22.146,0.39249,0.28821,0.6849,0.3963,53.518,1.2788,100.11,63.268,0.62847
158.04,22.141,22.069,0.39249,0.28821,0.6649,0.5069,53.445,1.3784,100.39,63.112,0.62566
160.1,22.167,22.01,0.39249,0.28821,0.6932,0.4903,53.231,1.2753,100.15,62.986,0.62581
162.15,22.228,21.883,0.39249,0.28821,0.739,0.5614,52.738,1.1016,99.425,62.731,0.62561
164.2,22.337,22.084,0.39249,0.28821,0.7293,0.5353,53.041,1.3251,100.22,62.848,0.62441
166.25,22.33,22.031,0.39249,0.28821,0.674,0.5161,53.898,1.1257,100.79,62.87,0.62593
168.31,22.163,21.999,0.39249,0.28821,0.6578,0.5315,53.488,1.3905,100.5,63.025,0.62457
170.36,22.26,22.011,0.39249,0.28821,0.7398,0.5486,52.744,1.2662,99.61,62.834,0.62499
172.41,22.241,22.026,0.39249,0.28821,0.7236,0.6058,53.345,1.2671,100.4,62.89,0.62534
174.46,22.079,22.061,0.39249,0.28821,0.6855,0.549,53.872,1.2135,100.61,63.139,0.62785
176.51,21.955,22.11,0.39249,0.28821,0.7828,0.4379,52.892,1.2172,99.567,63.19,0.62958
178.57,21.845,22.227,0.39249,0.28821,0.7228,0.37,53.13,1.2967,99.732,63.503,0.63111
180.62,21.882,22.199,0.39249,0.28821,0.7528,0.3335,53.207,1.1668,99.601,63.397,0.63177
182.67,22.058,22.144,0.39249,0.28821,0.7409,0.3496,53.87,1.2581,100.49,63.176,0.62849
184.72,21.956,22.287,0.39249,0.28821,0.7456,0.3105,53.323,1.1816,99.907,63.423,0.6318
186.78,21.85,22.223,0.39249,0.28821,0.7158,0.4124,53.712,1.2408,100.27,63.503,0.63159
188.83,22.058,22.193,0.39249,0.28821,0.6975,0.5282,53.38,1.14,100.12,63.284,0.63021
190.88,22.13,22.185,0.39249,0.28821,0.7098,0.4738,53.184,1.2605,100.02,63.187,0.62819
192.93,21.967,22.117,0.39249,0.28821,0.7006,0.4173,53.579,1.3053,100.18,63.293,0.62865
194.98,22.022,22.218,0.39249,0.28821,0.8133,0.4575,53.123,1.1931,100.06,63.196,0.63029
197.04,22.045,22.269,0.39249,0.28821,0.7046,0.442,53.823,1.2375,100.63,63.367,0.63014
199.09,22.178,22.123,0.39249,0.28821,0.7153,0.4736,53.451,1.2456,100.31,63.066,0.6272
201.14,22.083,22.077,0.39249,0.28821,0.7512,0.5345,53.315,1.1227,100.03,63.067,0.62891
203.19,22.009,21.961,0.39249,0.28821,1.1217,0.574,52.961,1.2347,100.25,62.541,0.62728
205.25,22.161,22.107,0.39249,0.28821,0.7564,0.5696,53.097,1.193,100.14,63.014,0.62774
207.3,22.183,21.991,0.39249,0.28821,0.7727,0.6583,53.023,1.1808,99.999,62.847,0.6264
209.35,22.05,22.088,0.39249,0.28821,0.7326,0.6373,52.83,1.3342,99.804,63.136,0.62721
211.4,21.964,22.012,0.39249,0.28821,0.7628,0.6166,53.297,1.1842,100.06,63.105,0.62881
213.46,22.091,22.038,0.39249,0.28821,0.7135,0.6388,52.947,1.2838,99.87,63.068,0.62679
215.51,23.037,20.425,0.39249,0.28821,0.7054,0.8249,51.913,1.2607,99.461,60.33,0.59959
217.56,22.315,21.36,0.39249,0.28821,0.7418,0.6119,53.715,1.2395,100.19,62.072,0.61765
219.61,22.072,21.946,0.39249,0.28821,0.7233,0.5608,53.293,1.2725,99.977,62.977,0.62612
221.66,22.115,22.093,0.39249,0.28821,0.7689,0.5987,53.371,1.1514,100.33,63.029,0.62847
223.72,22.041,22.067,0.39249,0.28821,0.7233,0.5162,53.443,1.1192,100.04,63.136,0.62927
