Distance_from_rim_um,An_mol_percent,Mg_ppm,K_ppm,Ti_ppm,Sr_ppm,Ba_ppm,La_ppm,Ce_ppm
21.0,36.6,133.0,2741.0,117.0,416.0,285.0,8.33,12.02
38.0,39.3,130.0,2418.0,107.0,400.0,257.0,7.7,7.55
54.0,37.7,129.0,2420.0,99.0,401.0,249.0,6.12,9.69
71.0,39.7,120.0,2362.0,136.0,483.0,256.0,8.51,6.58
87.0,47.4,131.0,1997.0,136.0,548.0,255.0,5.69,8.16
103.0,46.4,149.0,1737.0,155.0,592.0,194.0,5.99,7.25
120.0,48.4,150.0,1860.0,139.0,626.0,194.0,4.35,7.09
136.0,52.9,154.0,1567.0,150.0,575.0,167.0,3.77,6.06
153.0,51.9,146.0,1340.0,185.0,521.0,117.0,2.22,4.85
169.0,74.6,136.0,718.0,168.0,465.0,48.0,2.11,3.07
185.0,70.2,141.0,804.0,181.0,446.0,72.0,2.18,3.45
202.0,72.9,149.0,816.0,142.0,416.0,59.0,4.12,5.84
251.0,80.3,179.0,655.0,112.0,375.0,42.0,1.19,2.85
267.0,76.2,98.0,560.0,105.0,374.0,28.0,1.4,1.5
