Distance_um,Mg_ppm,XAn,Mg_err
0.0,177.1,0.62,4.0
5.0,176.2,0.6179,4.0
10.0,179.1,0.6158,4.0
15.0,177.6,0.6136,4.0
20.0,179.2,0.6115,4.0
25.0,179.7,0.6094,4.0
30.0,181.7,0.6072,4.0
35.0,182.1,0.6051,4.0
40.0,176.0,0.603,4.0
45.0,174.4,0.6009,4.0
50.0,177.2,0.5988,4.0
55.0,179.1,0.5966,4.0
60.0,178.2,0.5945,4.0
65.0,175.2,0.5924,4.0
70.0,176.1,0.5903,4.0
75.0,172.9,0.5881,4.0
80.0,177.3,0.586,4.0
85.0,175.4,0.5839,4.0
90.0,171.3,0.5818,4.0
95.0,170.6,0.5796,4.0
100.0,171.5,0.5775,4.0
105.0,174.4,0.5754,4.0
110.0,168.4,0.5732,4.0
115.0,168.1,0.5711,4.0
120.0,166.2,0.569,4.0
125.0,164.8,0.5669,4.0
130.0,164.4,0.5648,4.0
135.0,160.9,0.5626,4.0
140.0,161.4,0.5605,4.0
145.0,159.2,0.5584,4.0
150.0,156.9,0.5562,4.0
155.0,159.2,0.5541,4.0
160.0,156.1,0.552,4.0
165.0,149.2,0.5499,4.0
170.0,149.8,0.5478,4.0
175.0,148.0,0.5456,4.0
180.0,149.2,0.5435,4.0
185.0,147.0,0.5414,4.0
190.0,141.5,0.5392,4.0
195.0,142.0,0.5371,4.0
200.0,139.2,0.535,4.0
205.0,135.1,0.5329,4.0
210.0,134.0,0.5308,4.0
215.0,133.6,0.5286,4.0
220.0,134.0,0.5265,4.0
225.0,128.8,0.5244,4.0
230.0,128.1,0.5222,4.0
235.0,123.2,0.5201,4.0
240.0,119.0,0.518,4.0
245.0,116.1,0.5159,4.0
250.0,117.3,0.5138,4.0
255.0,117.2,0.5116,4.0
260.0,109.9,0.5095,4.0
265.0,109.0,0.5074,4.0
270.0,112.3,0.5052,4.0
275.0,109.1,0.5031,4.0
280.0,107.0,0.501,4.0
285.0,105.1,0.4989,4.0
290.0,105.3,0.4968,4.0
295.0,105.0,0.4946,4.0
300.0,104.0,0.4925,4.0
305.0,106.6,0.4904,4.0
310.0,98.5,0.4882,4.0
315.0,106.8,0.4861,4.0
320.0,99.9,0.484,4.0
325.0,101.1,0.4819,4.0
330.0,99.4,0.4798,4.0
335.0,97.4,0.4776,4.0
340.0,97.1,0.4755,4.0
345.0,94.7,0.4734,4.0
350.0,100.6,0.4712,4.0
355.0,97.2,0.4691,4.0
360.0,97.5,0.467,4.0
365.0,97.4,0.4649,4.0
370.0,99.9,0.4628,4.0
375.0,97.1,0.4606,4.0
380.0,96.5,0.4585,4.0
385.0,95.5,0.4564,4.0
390.0,92.5,0.4542,4.0
395.0,97.6,0.4521,4.0
400.0,94.2,0.45,4.0
