Distance_um,Ba_ppm,Ba_err
0.0,4890.0,90.0
0.25,4765.0,90.0
0.5,4991.0,90.0
0.75,4792.0,90.0
1.0,4746.0,90.0
1.25,4814.0,90.0
1.5,4744.0,90.0
1.75,4737.0,90.0
2.0,4819.0,90.0
2.25,4864.0,90.0
2.5,4886.0,90.0
2.75,4703.0,90.0
3.0,4659.0,90.0
3.25,4799.0,90.0
3.5,4941.0,90.0
3.75,4882.0,90.0
4.0,4881.0,90.0
4.25,4737.0,90.0
4.5,4718.0,90.0
4.75,4787.0,90.0
5.0,4746.0,90.0
5.25,4746.0,90.0
5.5,4871.0,90.0
5.75,4671.0,90.0
6.0,4562.0,90.0
6.25,4688.0,90.0
6.5,4568.0,90.0
6.75,4799.0,90.0
7.0,4643.0,90.0
7.25,4495.0,90.0
7.5,4585.0,90.0
7.75,4378.0,90.0
8.0,4370.0,90.0
8.25,4139.0,90.0
8.5,4122.0,90.0
8.75,3963.0,90.0
9.0,3880.0,90.0
9.25,3661.0,90.0
9.5,3688.0,90.0
9.75,3441.0,90.0
10.0,3131.0,90.0
10.25,3085.0,90.0
10.5,2833.0,90.0
10.75,2736.0,90.0
11.0,2678.0,90.0
11.25,2489.0,90.0
11.5,2232.0,90.0
11.75,2312.0,90.0
12.0,2141.0,90.0
12.25,1878.0,90.0
12.5,1884.0,90.0
12.75,1973.0,90.0
13.0,1878.0,90.0
13.25,1916.0,90.0
13.5,1589.0,90.0
13.75,1620.0,90.0
14.0,1499.0,90.0
14.25,1707.0,90.0
14.5,1702.0,90.0
14.75,1637.0,90.0
15.0,1640.0,90.0
15.25,1695.0,90.0
15.5,1780.0,90.0
15.75,1648.0,90.0
16.0,1534.0,90.0
16.25,1613.0,90.0
16.5,1626.0,90.0
16.75,1569.0,90.0
17.0,1683.0,90.0
17.25,1665.0,90.0
17.5,1500.0,90.0
17.75,1674.0,90.0
18.0,1741.0,90.0
18.25,1731.0,90.0
18.5,1648.0,90.0
18.75,1678.0,90.0
19.0,1593.0,90.0
19.25,1561.0,90.0
19.5,1593.0,90.0
19.75,1592.0,90.0
20.0,1455.0,90.0
